{
                "Spiderman": {
                    "Es_hombre":"True", 
                    "Es_un_heroe": "True",
                    "Lanza_Telarañas": "True",
                    "Tiene_armadura": "False",
                    "Tiene_factor_curativo": "False",
                    "Es_un_x-men": "False",
                    "Es_un_vengador": "True",
                    "Es_un_hechicero": "False",
                    "Se_covierte_en_un_monstruo":"False",
                    "Tiene_garras":"False",
                    "Tiene_un_escudo":"False"
                },
                "Ironman": {
                    "Es_hombre":"True", 
                    "Es_un_heroe": "True",
                    "Lanza_Telarañas": "False",
                    "Tiene_armadura": "True",
                    "Tiene_factor_curativo": "False",
                    "Es_un_x-men": "False",
                    "Es_un_vengador": "True",
                    "Es_un_hechicero": "False",
                    "Se_covierte_en_un_monstruo":"False",
                    "Tiene_garras":"False",
                    "Tiene_un_escudo":"False"
                },                
                "Deadpool": {
                    "Es_hombre":"True", 
                    "Es_un_heroe": "False",
                    "Lanza_Telarañas": "False",
                    "Tiene_armadura": "False",
                    "Tiene_factor_curativo": "True",
                    "Es_un_x-men": "True",
                    "Es_un_vengador": "False",
                    "Es_un_hechicero": "False",
                    "Se_covierte_en_un_monstruo":"False",
                    "Tiene_garras":"False",
                    "Tiene_un_escudo":"False"
                },
                "Wolverine": {
                    "Es_hombre":"True", 
                    "Es_un_heroe": "True",
                    "Lanza_Telarañas": "False",
                    "Tiene_armadura": "False",
                    "Tiene_factor_curativo": "True",
                    "Es_un_x-men": "True",
                    "Es_un_vengador": "False",
                    "Es_un_hechicero": "False",
                    "Se_covierte_en_un_monstruo":"False",
                    "Tiene_garras":"True",
                    "Tiene_un_escudo":"False"
                },
                "Hulk": {
                    "Es_hombre":"True", 
                    "Es_un_heroe": "True",
                    "Lanza_Telarañas": "False",
                    "Tiene_armadura": "False",
                    "Tiene_factor_curativo": "True",
                    "Es_un_x-men": "False",
                    "Es_un_vengador": "True",
                    "Es_un_hechicero": "False",
                    "Se_covierte_en_un_monstruo":"True",
                    "Tiene_garras":"False",
                    "Tiene_un_escudo":"False"
                },
                "Thor": {
                    "Es_hombre":"True", 
                    "Es_un_heroe": "True",
                    "Lanza_Telarañas": "False",
                    "Tiene_armadura": "False",
                    "Tiene_factor_curativo": "False",
                    "Es_un_x-men": "False",
                    "Es_un_vengador": "True",
                    "Es_un_hechicero": "False",
                    "Se_covierte_en_un_monstruo":"False",
                    "Tiene_garras":"False",
                    "Tiene_un_escudo":"False"
                },
                "Capitan_America": {
                     "Es_hombre":"True",
                     "Es_un_heroe": "True",
                     "Lanza_Telarañas": "False",
                     "Tiene_armadura": "False",
                     "Tiene_factor_curativo": "False",
                     "Es_un_x-men": "False",
                     "Es_un_vengador": "True",
                     "Es_un_hechicero": "False",
                     "Se_covierte_en_un_monstruo":"False",
                     "Tiene_garras":"False",
                     "Tiene_un_escudo":"True"
                },
                "Dr_Strange": {
                    "Es_hombre":"True",
                    "Es_un_heroe": "True",
                    "Lanza_Telarañas": "False",
                    "Tiene_armadura": "False",
                    "Tiene_factor_curativo": "False",
                    "Es_un_x-men": "False",
                    "Es_un_vengador": "True",
                    "Es_un_hechicero": "True",
                    "Se_covierte_en_un_monstruo":"False",
                    "Tiene_garras":"False",
                    "Tiene_un_escudo":"False"
                },
                 "Black_Panther": {
                     "Es_hombre":"True",
                     "Es_un_heroe": "True",
                     "Lanza_Telarañas": "False",
                     "Tiene_armadura": "False",
                     "Tiene_factor_curativo": "False",
                     "Es_un_x-men": "False",
                     "Es_un_vengador": "True",
                     "Es_un_hechicero": "False",
                     "Se_covierte_en_un_monstruo":"False",
                     "Tiene_garras":"True",
                     "Tiene_un_escudo":"False"
                 }, 
                 "Scarlet_Witch": {
                      "Es_hombre":"False", 
                      "Es_un_heroe": "True",
                      "Lanza_Telarañas": "False",
                      "Tiene_armadura": "False",
                      "Tiene_factor_curativo": "False",
                      "Es_un_x-men": "True",
                      "Es_un_vengador": "True",
                      "Es_un_hechicero": "True",
                      "Se_covierte_en_un_monstruo":"False",
                      "Tiene_garras":"False",
                      "Tiene_un_escudo":"False"
                  },
                  "Loki": {
                       "Es_hombre":"True",
                       "Es_un_heroe": "False",
                       "Lanza_Telarañas": "False",
                       "Tiene_armadura": "False",
                       "Tiene_factor_curativo": "False",
                       "Es_un_x-men": "False",
                       "Es_un_vengador": "False",
                       "Es_un_hechicero": "True",
                       "Se_covierte_en_un_monstruo":"True",
                       "Tiene_garras":"False",
                       "Tiene_un_escudo":"False"
                   },
                  "Venom": {
                        "Es_hombre":"True",
                        "Es_un_heroe": "False",
                        "Lanza_Telarañas": "True",
                        "Tiene_armadura": "False",
                        "Tiene_factor_curativo": "False",
                        "Es_un_x-men": "False",
                        "Es_un_vengador": "False",
                        "Es_un_hechicero": "False",
                        "Se_covierte_en_un_monstruo":"True",
                        "Tiene_garras":"False",
                        "Tiene_un_escudo":"False"
                    },
                     "Storm": {
                          "Es_hombre":"False",
                          "Es_un_heroe": "True",
                          "Lanza_Telarañas": "False",
                          "Tiene_armadura": "False",
                          "Tiene_factor_curativo": "False",
                          "Es_un_x-men": "True",
                          "Es_un_vengador": "False",
                          "Es_un_hechicero": "False",
                          "Se_covierte_en_un_monstruo":"False",
                          "Tiene_garras":"False",
                          "Tiene_un_escudo":"False"
                      },
                       "Abomination": {
                            "Es_hombre":"True", 
                            "Es_un_heroe": "False",
                            "Lanza_Telarañas": "False",
                            "Tiene_armadura": "False",
                            "Tiene_factor_curativo": "True",
                            "Es_un_x-men": "False",
                            "Es_un_vengador": "False",
                            "Es_un_hechicero": "False",
                            "Se_covierte_en_un_monstruo":"True",
                            "Tiene_garras":"False",
                            "Tiene_un_escudo":"False"
                        },
                         "Baron_Mordo": {
                              "Es_hombre":"True",
                              "Es_un_heroe": "False",
                              "Lanza_Telarañas": "False",
                              "Tiene_armadura": "False",
                              "Tiene_factor_curativo": "False",
                              "Es_un_x-men": "False",
                              "Es_un_vengador": "False",
                              "Es_un_hechicero": "True",
                              "Se_covierte_en_un_monstruo":"False",
                              "Tiene_garras":"False",
                              "Tiene_un_escudo":"False"
            }
}